{
  "success": true,
  "snr_db": [
    5.0,
    6.0,
    7.0,
    8.0,
    9.0,
    10.0,
    11.0,
    12.0,
    13.0,
    14.0,
    15.0,
    16.0,
    17.0,
    18.0,
    19.0,
    20.0,
    21.0,
    22.0,
    23.0,
    24.0,
    25.0
  ],
  "bler": [
    1.0,
    1.0,
    1.0,
    0.9900990099009901,
    0.9615384615384616,
    0.8163265306122449,
    0.6756756756756757,
    0.3976143141153082,
    0.2098635886673662,
    0.0768344218209758,
    0.02808594298553574,
    0.0085,
    0.002,
    0.000375,
    0.000125,
    0.0,
    0.0,
    0.0,
    0.0,
    0.0,
    0.0
  ],
  "packets": [
    200,
    200,
    200,
    202,
    208,
    245,
    296,
    503,
    953,
    2603,
    7121,
    8000,
    8000,
    8000,
    8000,
    8000,
    80000,
    80000,
    80000,
    80000,
    80000
  ],
  "meta": {
    "mode": "tb_bler_vlc",
    "seed": 1234,
    "M": 4,
    "nfft": 256,
    "cp": 0.125,
    "n_subcarriers": 64,
    "minislot_symbols": 14,
    "pilot_spacing": 2,
    "pilot_offset": 0,
    "pilot_seed": 999,
    "pilot_power_boost_db": 3.0,
    "pilot_power_mode": "constrained",
    "tb_payload_bytes": 48,
    "packets_per_snr": 8000,
    "min_errors": 200,
    "vlc": {
      "led_bandwidth_mhz": 20.0,
      "dc_bias": 0.5,
      "clipping_ratio": 0.95,
      "responsivity": 0.5,
      "area_cm2": 1.0,
      "noise_type": "awgn"
    }
  }
}