{
  "success": true,
  "snr_db": [
    -2.0,
    0.0,
    2.0,
    4.0,
    6.0,
    8.0,
    12.0,
    16.0,
    18.0,
    20.0,
    22.0,
    24.0
  ],
  "bler": [
    1.0,
    1.0,
    0.9090909090909091,
    0.8571428571428571,
    0.8333333333333334,
    0.7692307692307693,
    0.5357142857142857,
    0.2830188679245283,
    0.15151515151515152,
    0.12244897959183673,
    0.05893909626719057,
    0.037641154328732745
  ],
  "packets": [
    30,
    30,
    33,
    35,
    36,
    39,
    56,
    106,
    198,
    245,
    509,
    797
  ],
  "meta": {
    "mode": "tb_bler",
    "seed": 44,
    "M": 4,
    "nfft": 256,
    "cp": 0.125,
    "n_subcarriers": 120,
    "minislot_symbols": 7,
    "pilot_spacing": 3,
    "pilot_offset": 0,
    "pilot_seed": 2025,
    "pilot_power_boost_db": 3.0,
    "pilot_power_mode": "constrained",
    "tb_payload_bytes": 48,
    "packets_per_snr": 100000,
    "min_errors": 30,
    "channel_model": "tdl"
  }
}