{
  "success": true,
  "snr_db": [
    0.0,
    2.0,
    4.0,
    6.0,
    8.0,
    12.0,
    16.0,
    18.0,
    20.0,
    22.0,
    24.0
  ],
  "bler": [
    1.0,
    1.0,
    0.8571428571428571,
    0.6666666666666666,
    0.8108108108108109,
    0.4918032786885246,
    0.22556390977443608,
    0.17045454545454544,
    0.10344827586206896,
    0.05172413793103448,
    0.04665629860031104
  ],
  "packets": [
    30,
    30,
    35,
    45,
    37,
    61,
    133,
    176,
    290,
    580,
    643
  ],
  "meta": {
    "mode": "tb_bler",
    "seed": 44,
    "M": 4,
    "nfft": 256,
    "cp": 0.125,
    "n_subcarriers": 120,
    "minislot_symbols": 7,
    "pilot_spacing": 3,
    "pilot_offset": 0,
    "pilot_seed": 2025,
    "pilot_power_boost_db": 3.0,
    "pilot_power_mode": "constrained",
    "tb_payload_bytes": 48,
    "packets_per_snr": 100000,
    "min_errors": 30,
    "channel_model": "tdl"
  }
}