{
  "success": true,
  "snr_db": [
    0.0,
    4.0,
    8.0,
    12.0,
    16.0,
    20.0,
    24.0
  ],
  "bler": [
    0.9900990099009901,
    0.8771929824561403,
    0.704225352112676,
    0.44642857142857145,
    0.24691358024691357,
    0.08643042350907519,
    0.04284490145672665
  ],
  "packets": [
    101,
    114,
    142,
    224,
    405,
    1157,
    2334
  ],
  "meta": {
    "mode": "tb_bler",
    "seed": 44,
    "M": 4,
    "nfft": 256,
    "cp": 0.125,
    "n_subcarriers": 192,
    "minislot_symbols": 14,
    "pilot_spacing": 3,
    "pilot_offset": 0,
    "pilot_seed": 2025,
    "pilot_power_boost_db": 3.0,
    "pilot_power_mode": "constrained",
    "tb_payload_bytes": 48,
    "packets_per_snr": 100000,
    "min_errors": 100,
    "channel_model": "tdl"
  }
}