{
  "success": true,
  "snr_db": [
    0.0,
    2.0,
    4.0,
    6.0,
    8.0,
    12.0,
    16.0,
    18.0,
    20.0,
    22.0,
    24.0
  ],
  "ber": [
    0.15660714285714286,
    0.15379960317460317,
    0.10242063492063493,
    0.013968253968253968,
    0.018640873015873017,
    0.001255980861244019,
    0.014573412698412698,
    0.010309346787041955,
    0.0016761816250663835,
    0.0022901335786274196,
    0.0032837301587301587
  ],
  "evm_percent": [
    134.7789474779471,
    272.7941821885683,
    206.6742950232674,
    40.86838200543779,
    45.71158929633016,
    23.91588955790925,
    59.04196812653265,
    53.70255745294378,
    23.09080818250383,
    52.60439703152582,
    27.876686634648085
  ],
  "mse_H": [
    0.07964514776822368,
    0.05099340454828566,
    0.03168555870777349,
    0.02017114746612721,
    0.012690488668836545,
    0.005114060802091109,
    0.0021980630729528934,
    0.001839106197274433,
    0.0008439073053411284,
    0.0005391425281892919,
    0.0006550199248956273
  ],
  "n_bits_curve": [
    100800,
    100800,
    100800,
    100800,
    100800,
    702240,
    100800,
    301280,
    301280,
    2000320,
    100800
  ],
  "n_errs_curve": [
    15786,
    15503,
    10324,
    1408,
    1879,
    882,
    1469,
    3106,
    505,
    4581,
    331
  ]
}