{
  "success": true,
  "snr_db": [
    0.0,
    4.0,
    8.0,
    12.0,
    16.0,
    20.0,
    24.0
  ],
  "ber": [
    0.1742740553252551,
    0.10825892857142858,
    0.05144391741071429,
    0.018116230867346938,
    3.4995968464432897e-07,
    0.0,
    1.6998041825581692e-06
  ],
  "evm_percent": [
    158.44514968096783,
    101.52413990318539,
    157.16532035265539,
    43.6822896028343,
    16.82584430358867,
    6.560732965925363,
    14.777262985822057
  ],
  "mse_H": [
    0.07306672457975326,
    0.029082364070692056,
    0.011700120545317733,
    0.004808251094473482,
    0.0018669370610815605,
    0.001184016716138531,
    0.0003681526874444706
  ],
  "n_bits_curve": [
    401408,
    401408,
    401408,
    401408,
    20002304,
    20002304,
    20002304
  ],
  "n_errs_curve": [
    69955,
    43456,
    20650,
    7272,
    7,
    0,
    34
  ]
}