{
  "success": true,
  "snr_db": [
    0.0,
    4.0,
    8.0,
    12.0,
    16.0,
    20.0,
    24.0
  ],
  "ber": [
    0.1615887077487245,
    0.10489825813137756,
    0.03385831871811224,
    0.0017309094359220197,
    0.012284470263418848,
    0.004499240971556408,
    4.404492602452198e-05
  ],
  "evm_percent": [
    143.43807396432462,
    175.15116894159047,
    130.39115913337892,
    27.409122643662986,
    71.8246435789657,
    32.255301450467464,
    8.542785921764356
  ],
  "mse_H": [
    0.07287122348049173,
    0.02930354283317064,
    0.01157446353105993,
    0.004631114857346727,
    0.0019176569786900472,
    0.0009145570717620507,
    0.0005674314708225752
  ],
  "n_bits_curve": [
    401408,
    401408,
    401408,
    1602048,
    16006144,
    1602048,
    20002304
  ],
  "n_errs_curve": [
    64863,
    42107,
    13591,
    2773,
    196627,
    7208,
    881
  ]
}