{
  "success": true,
  "reps_used": 1,
  "latency_ms": 0.0,
  "crc_ok": true,
  "meta": {
    "mode": "ofdm_m2",
    "seed": 44,
    "bits_per_frame": 1120
  },
  "snr_db": [
    -2.0,
    0.0,
    2.0,
    4.0,
    6.0,
    8.0,
    12.0,
    16.0,
    18.0,
    20.0,
    22.0,
    24.0
  ],
  "ber": [
    0.222847344424892,
    0.16739321708526636,
    0.11450592905135179,
    0.0697508398656215,
    0.036862352023676215,
    0.0162838945768677,
    0.0018439549672052472,
    5.399136138217885e-05,
    2.1998944050685565e-06,
    0.0,
    0.0,
    0.0
  ],
  "evm_percent": [
    231.06381186872866,
    161.9282677714242,
    115.90270410813469,
    76.50650919358739,
    58.871479644105584,
    45.89716801320466,
    28.630888858737386,
    18.024494100621894,
    14.366284490985077,
    11.46801625553417,
    9.179135359616815,
    7.3868183404430425
  ],
  "mse_H": [
    0.126132798159009,
    0.07974370971764255,
    0.05048265579716622,
    0.03184639906650461,
    0.020201826899615926,
    0.012793594420901088,
    0.005209994929178314,
    0.0021828645765327734,
    0.0014383904870457864,
    0.0009756609182415251,
    0.0006827662353303109,
    0.0004971313566420943
  ]
}