{
  "snr_db": [
    0.0,
    4.0,
    8.0,
    12.0
  ],
  "ber": [
    0.0,
    0.0,
    0.0,
    0.0
  ],
  "evm_percent": [
    6.848863087128884e-06,
    6.949439146415681e-06,
    6.959416810055606e-06,
    7.533933601849254e-06
  ],
  "mse_H": [
    NaN,
    NaN,
    NaN,
    NaN
  ]
}