{
  "success": true,
  "reps_used": 1,
  "latency_ms": 0.0,
  "crc_ok": true,
  "meta": {
    "mode": "ofdm_m2",
    "seed": 1234,
    "bits_per_frame": 896,
    "urllc": {
      "five_qi": 85,
      "pdb_ms": 5.0,
      "per_target": 1e-05,
      "core_budget_ms": 2.0,
      "radio_deadline_ms": 3.0,
      "app_payload_bytes": 32,
      "tb_payload_bytes": 48,
      "n_independent_tries": 1,
      "bler_per_try_target": 1e-05,
      "mdbv_bytes": 255
    }
  },
  "snr_db": [
    6.0,
    8.0,
    10.0,
    12.0,
    14.0,
    16.0
  ],
  "ber": [
    0.0021928991361382178,
    0.0003589425691889298,
    2.3615561332446647e-05,
    3.9998976026213727e-07,
    0.0,
    0.0
  ],
  "evm_percent": [
    29.719221803387285,
    23.89784605080068,
    19.113763894200332,
    15.270104893809483,
    12.200131424111213,
    9.761504974576326
  ],
  "mse_H": [
    0.019769209885108312,
    0.01251127199527431,
    0.007940248826655023,
    0.0050684586560775695,
    0.0032561467281448345,
    0.0021082180805313067
  ]
}