{
  "snr_db": [
    0.0,
    2.0,
    4.0,
    6.0,
    8.0,
    10.0
  ],
  "ber": [
    0.06887755102040816,
    0.0274234693877551,
    0.011479591836734694,
    0.0006377551020408163,
    0.0006377551020408163,
    0.0
  ],
  "evm_percent": [
    55.75839865342706,
    47.28079449032441,
    39.88291860196108,
    31.469957150810274,
    26.714651522547246,
    21.15884178813892
  ],
  "mse_H": [
    0.20465265214443207,
    0.12264122068881989,
    0.08515015989542007,
    0.044702671468257904,
    0.03605823591351509,
    0.022775879129767418
  ]
}